vehicle,segment_id,start_time,end_time,duration_hours,start_soc,end_soc,delta_soc,avg_current,min_current,max_current,num_samples,integrated_current_ah,estimated_capacity_ah
1,96,401062743.0,401071823.0,2.522222222222222,53.0,98.0,45.0,-74.41472602739726,-130.2,-13.4,292,167.58277777777778,372.40617283950616
1,334,402125929.0,402131708.0,1.6052777777777778,73.0,91.0,18.0,-80.84556962025316,-126.7,-47.7,79,138.87199999999999,771.5111111111111
1,614,403050639.0,403055519.0,1.3555555555555556,73.0,98.0,25.0,-41.985665529010234,-89.2,-27.9,293,57.10611111111111,228.42444444444445
1,1050,403223131.0,404000350.0,215.89416666666668,34.0,95.0,61.0,-55.07869318181818,-92.7,-19.8,352,5171.124583333334,8477.253415300547
1,1576,405012403.0,405021943.0,2.65,21.0,98.0,77.0,-102.60738007380074,-200.2,-13.3,271,258.59388888888884,335.83621933621924
1,2012,407010553.0,407015623.0,1.4083333333333334,28.0,95.0,67.0,-100.25816993464052,-171.5,-37.4,153,153.29166666666666,228.79353233830844
1,2470,407174630.0,407180420.0,1.6083333333333334,36.0,68.0,32.0,-151.7140845070422,-163.8,-130.3,71,218.9466666666667,684.2083333333334
1,2602,407204920.0,407211630.0,1.863888888888889,50.0,88.0,38.0,-117.81666666666668,-161.6,-77.5,108,232.04611111111112,610.6476608187135
1,3106,409004651.0,409012411.0,2.1555555555555554,53.0,95.0,42.0,-87.99014084507044,-126.7,-53.5,142,230.29277777777776,548.3161375661375
1,3482,409205511.0,409212701.0,1.9972222222222222,61.0,90.0,29.0,-75.21458333333332,-97.1,-57.7,96,152.39861111111114,525.5124521072798
1,3780,410052353.0,410055823.0,0.9638888888888889,33.0,86.0,53.0,-128.00576923076926,-168.9,0.6,208,123.82944444444445,233.6404612159329
1,4140,410214426.0,410221626.0,2.0,50.0,91.0,41.0,-107.54132231404958,-159.0,-58.9,121,217.58749999999998,530.701219512195
1,4566,411081809.0,411085929.0,1.1444444444444444,43.0,94.0,51.0,-106.63468208092488,-162.4,3.0,173,116.41666666666667,228.26797385620915
1,4882,411190651.0,411193451.0,0.7777777777777778,53.0,89.0,36.0,-104.32278481012658,-159.3,0.8,79,84.85972222222223,235.72145061728398
1,5008,412015821.0,412022901.0,1.9666666666666666,58.0,93.0,35.0,-96.37298850574712,-121.1,-12.0,174,196.08305555555552,560.2373015873015
1,5364,413053634.0,413060654.0,1.95,61.0,95.0,34.0,-92.41857923497267,-130.1,-18.8,183,164.8083333333333,484.73039215686265
1,5746,414010404.0,414013924.0,0.9777777777777777,53.0,95.0,42.0,-97.88333333333333,-158.3,-42.0,150,93.47,222.54761904761907
1,6432,415145723.0,415153353.0,2.1194444444444445,38.0,81.0,43.0,-98.4544600938967,-120.5,4.4,213,204.44555555555553,475.45478036175706
1,6756,415225927.0,415231737.0,1.613888888888889,62.0,86.0,24.0,-106.5436363636364,-128.8,-42.3,110,196.44083333333333,818.5034722222223
1,6996,416054840.0,416061050.0,1.725,72.0,95.0,23.0,-83.76268656716418,-107.5,0.6,134,139.12111111111113,604.8743961352658
1,7502,416222357.0,416224937.0,0.7166666666666667,56.0,89.0,33.0,-106.0051612903226,-157.7,4.2,155,77.05333333333333,233.49494949494945
1,7828,417072409.0,417074649.0,0.6222222222222222,62.0,90.0,28.0,-101.90218978102192,-130.2,-0.6,137,63.785555555555554,227.80555555555551
1,8634,419211405.0,419215605.0,1.1666666666666667,45.0,94.0,49.0,-97.15494071146246,-159.9,-36.8,253,113.10361111111112,230.82369614512473
1,9232,420141522.0,420150432.0,2.475,46.0,94.0,48.0,-81.33661016949154,-136.9,-11.1,295,145.09444444444443,302.2800925925926
1,9644,421063724.0,421071044.0,2.033333333333333,46.0,88.0,42.0,-105.66268656716419,-121.1,-11.3,201,230.16527777777776,548.0125661375661
1,10062,421132457.0,421135437.0,0.8277777777777777,58.0,92.0,34.0,-96.83519553072625,-155.2,-41.8,179,80.34444444444443,236.30718954248363
1,10516,422132727.0,422140257.0,2.091666666666667,60.0,96.0,36.0,-83.40327102803737,-132.9,-13.9,214,97.87638888888888,271.87885802469134
1,11270,423082436.0,423085856.0,0.95,51.0,88.0,37.0,-90.2096618357488,-112.6,3.2,207,86.33805555555554,233.34609609609606
1,11918,423222504.0,423225344.0,0.7888888888888889,35.0,82.0,47.0,-134.12890173410406,-163.0,3.7,173,105.49583333333334,224.45921985815605
1,12224,424023406.0,424025456.0,0.5694444444444444,64.0,90.0,26.0,-101.64206349206347,-130.1,-40.1,126,58.09333333333334,223.43589743589746
1,12552,424142238.0,424144548.0,0.6416666666666667,74.0,96.0,22.0,-82.39071428571427,-122.5,-58.6,140,52.685833333333335,239.48106060606062
1,13596,426110751.0,426115221.0,1.2416666666666667,20.0,89.0,69.0,-126.01455223880598,-174.6,3.6,268,157.15583333333333,227.762077294686
1,13952,427150515.0,427153105.0,0.7194444444444444,69.0,96.0,27.0,-87.06282051282052,-130.0,-49.7,156,62.87805555555556,232.88168724279836
1,14566,428100742.0,428104802.0,1.1277777777777778,40.0,95.0,55.0,-111.42592592592592,-163.8,0.7,243,125.89333333333335,228.8969696969697
1,15116,428211755.0,428215335.0,0.9944444444444445,44.0,92.0,48.0,-110.32651162790697,-163.5,-44.3,215,110.61194444444445,230.44155092592595
1,15758,430014351.0,430022441.0,2.2472222222222222,42.0,92.0,50.0,-102.35040650406505,-163.4,0.6,246,260.72555555555556,521.4511111111111
1,16572,430223008.0,430230018.0,1.9472222222222222,29.0,80.0,51.0,-139.31208791208792,-186.0,-52.2,182,200.8383333333333,393.8006535947712
2,84,401062007.0,401071947.0,2.761111111111111,5.0,95.0,90.0,-121.55971014492754,-188.6,-13.3,345,328.82000000000005,365.3555555555556
2,736,403053009.0,403060119.0,1.975,30.0,81.0,51.0,-128.09148936170214,-158.9,-44.5,188,195.27861111111116,382.89923747276697
2,806,403064257.0,403070317.0,1.6833333333333333,78.0,97.0,19.0,-77.14134615384616,-118.8,0.4,104,105.8472222222222,557.0906432748537
2,1368,404042519.0,404050309.0,2.1638888888888888,50.0,95.0,45.0,-95.67763157894738,-131.2,-43.0,228,163.59972222222223,363.55493827160495
2,1866,404162035.0,404162455.0,0.11666666666666667,18.0,28.0,10.0,-184.26000000000005,-199.3,-158.5,15,21.613055555555555,216.13055555555553
2,1906,405072400.0,405081140.0,2.4277777777777776,27.0,94.0,67.0,-117.4852380952381,-172.8,-54.4,210,227.74583333333334,339.9191542288557
2,2308,406051139.0,406055209.0,1.1305555555555555,40.0,94.0,54.0,-105.83401639344262,-158.5,-21.4,244,119.79694444444446,221.84619341563788
2,2828,407055056.0,407063606.0,2.375,28.0,92.0,64.0,-108.48119658119657,-157.4,-55.2,234,282.18666666666667,440.9166666666667
2,3338,408050903.0,408060403.0,2.638888888888889,12.0,94.0,82.0,-118.06948640483384,-183.3,0.6,331,242.50444444444446,295.73712737127374
2,3976,410043342.0,410052621.0,2.5775,18.0,95.0,77.0,-114.81798107255521,-188.0,-56.1,317,308.6314166666666,400.82002164502154
2,4176,410123058.0,410125348.0,0.6361111111111111,42.0,77.0,35.0,-122.22608695652175,-131.2,0.5,92,78.18138888888889,223.37539682539685
2,4402,411054858.0,411064428.0,2.658333333333333,13.0,96.0,83.0,-118.83999999999999,-198.8,-13.9,330,359.80111111111114,433.4953145917002
2,4942,412043659.0,412044339.0,0.18888888888888888,38.0,51.0,13.0,-152.5707317073171,-158.3,0.2,41,29.083333333333332,223.7179487179487
2,5002,412051840.0,412054140.0,0.6388888888888888,44.0,81.0,37.0,-129.5978417266187,-158.9,-0.2,139,83.41527777777777,225.44669669669668
2,5054,412062230.0,412063700.0,0.4083333333333333,79.0,93.0,14.0,-78.78636363636365,-117.8,-28.9,88,32.176388888888894,229.83134920634922
2,5584,413051623.0,413060403.0,2.438888888888889,26.0,95.0,69.0,-114.60139372822302,-182.9,-55.1,287,213.53722222222223,309.4742351046699
2,6060,413143207.0,413143737.0,0.14722222222222223,36.0,47.0,11.0,-159.87391304347827,-183.2,-153.4,23,23.28555555555555,211.68686868686865
2,6092,414041301.0,414044641.0,0.9277777777777778,49.0,93.0,44.0,-105.84926108374385,-157.7,-56.0,203,98.17138888888888,223.11679292929293
2,6834,414184325.0,414184825.0,0.1388888888888889,5.0,17.0,12.0,-190.672,-198.8,-59.0,25,27.20388888888889,226.6990740740741
2,6884,415042650.0,415050600.0,2.2083333333333335,15.0,83.0,68.0,-138.175,-198.4,-60.3,236,281.6994444444444,414.2638888888888
2,6926,415053456.0,415054726.0,0.3527777777777778,81.0,93.0,12.0,-76.52894736842104,-119.3,0.7,76,27.288055555555555,227.40046296296296
2,7842,415151851.0,415152621.0,0.21388888888888888,12.0,30.0,18.0,-184.3891304347826,-198.5,-98.4,46,39.93416666666667,221.8564814814815
2,8030,417041204.0,417041934.0,0.20277777777777778,13.0,29.0,16.0,-174.79347826086956,-194.8,-105.5,46,35.64277777777777,222.7673611111111
2,8094,417045404.0,417050644.0,1.4555555555555555,24.0,49.0,25.0,-157.92207792207793,-198.9,0.8,77,230.8386111111111,923.3544444444444
2,8272,417063706.0,417070136.0,1.7861111111111112,32.0,73.0,41.0,-133.90675675675675,-157.7,0.6,148,222.6466666666667,543.0406504065041
2,8848,417154859.0,417155709.0,0.2361111111111111,11.0,24.0,13.0,-119.57,-120.0,-117.5,50,28.239444444444445,217.22649572649573
2,8958,418044329.0,418054029.0,2.6944444444444446,13.0,95.0,82.0,-114.94460641399417,-164.4,-56.3,343,355.1836111111111,433.15074525745257
2,9542,419041134.0,419042904.0,0.49166666666666664,44.0,73.0,29.0,-133.29905660377358,-158.1,-33.9,106,65.90277777777777,227.25095785440612
2,9576,419044943.0,419045523.0,0.16111111111111112,73.0,81.0,8.0,-114.56285714285713,-118.6,-26.2,35,18.955277777777777,236.9409722222222
2,10330,421042946.0,421052506.0,2.6555555555555554,10.0,95.0,85.0,-122.10540540540542,-199.1,-55.1,333,320.2080555555556,376.7153594771242
2,11262,422061340.0,422070020.0,2.411111111111111,30.0,95.0,65.0,-110.13024911032029,-181.8,-36.5,281,205.89083333333332,316.7551282051282
2,11508,423065446.0,423071616.0,1.7138888888888888,74.0,95.0,21.0,-79.45153846153846,-120.2,-34.5,130,130.48277777777778,621.3465608465609
2,12042,423151143.0,423152913.0,0.49166666666666664,37.0,68.0,31.0,-144.0304761904762,-184.5,0.7,105,71.64083333333335,231.09946236559145
2,12204,424065401.0,424074301.0,2.4722222222222223,21.0,95.0,74.0,-118.0122033898305,-199.8,-19.1,295,337.26472222222225,455.7631381381382
2,12696,424130812.0,424133922.0,0.8638888888888889,58.0,95.0,37.0,-93.63936170212764,-153.6,0.7,188,81.11472222222221,219.22897897897894
2,13000,425051030.0,425054220.0,0.8861111111111111,59.0,91.0,32.0,-82.80833333333334,-119.7,0.5,192,73.7425,230.44531250000003
2,13968,426050530.0,426055620.0,1.413888888888889,30.0,95.0,65.0,-101.77875816993463,-154.4,0.5,306,144.76111111111112,222.7094017094017
2,14222,426122721.0,426124411.0,0.46944444444444444,38.0,68.0,30.0,-141.50882352941176,-159.2,0.5,102,67.30666666666667,224.35555555555558
2,14412,427052507.0,427061907.0,2.611111111111111,13.0,95.0,82.0,-117.73169230769231,-170.9,-9.4,325,308.0083333333333,375.619918699187
2,15512,428044110.0,428050210.0,1.6944444444444444,15.0,56.0,41.0,-156.25118110236224,-169.2,-110.8,127,261.7052777777777,638.3055555555554
2,15514,428050421.0,428050621.0,0.05555555555555555,56.0,59.0,3.0,-127.25384615384615,-152.7,-124.8,13,6.953333333333334,
2,15620,428060437.0,428064047.0,1.0027777777777778,50.0,95.0,45.0,-98.3059633027523,-154.2,-40.8,218,99.3125,220.69444444444443
2,16406,429053101.0,429054421.0,0.36666666666666664,32.0,57.0,25.0,-154.59012345679014,-183.1,-125.0,81,56.457499999999996,225.82999999999998
2,16444,429060134.0,429061914.0,0.49444444444444446,56.0,82.0,26.0,-115.05327102803737,-155.0,-19.0,107,56.99027777777778,219.19337606837607
2,16514,429070134.0,429071944.0,0.5027777777777778,75.0,94.0,19.0,-82.98363636363635,-119.3,-56.7,110,41.75694444444444,219.7733918128655
2,17286,430050400.0,430055440.0,1.4,21.0,95.0,74.0,-114.72459016393442,-185.9,-56.0,305,160.31583333333333,216.643018018018
2,17986,430140629.0,430142049.0,0.39444444444444443,27.0,56.0,29.0,-157.8896551724138,-176.1,-92.0,87,62.60111111111112,215.86590038314182
3,38,401003755.0,401012235.0,2.3555555555555556,28.0,81.0,53.0,-111.25487179487178,-168.0,-40.2,195,298.1252777777778,562.5005241090147
3,408,402013302.0,402022001.0,2.4163888888888887,45.0,94.0,49.0,-91.11323529411766,-167.9,0.7,204,186.28275000000002,380.16887755102044
3,994,403010810.0,403020010.0,2.5555555555555554,33.0,94.0,61.0,-110.62631578947368,-198.9,0.7,228,209.8852777777778,344.0742258652095
3,1258,404014542.0,404021842.0,2.0277777777777777,66.0,94.0,28.0,-81.72333333333334,-129.6,-56.6,180,136.19166666666666,486.39880952380946
3,1748,405031633.0,405041143.0,2.6416666666666666,28.0,94.0,66.0,-110.28915662650603,-200.0,-24.1,332,232.79083333333335,352.71338383838383
3,2184,406013708.0,406023028.0,2.588888888888889,28.0,94.0,66.0,-110.74335443037972,-198.8,0.8,316,309.31027777777774,468.65193602693597
3,2378,407000024.0,407001944.0,0.5333333333333333,38.0,54.0,16.0,-80.4,-80.9,-71.5,52,42.970000000000006,268.56250000000006
3,2472,407035611.0,407044901.0,2.5805555555555557,30.0,94.0,64.0,-106.18279069767443,-199.7,0.6,215,379.9566666666667,593.6822916666667
3,3072,408014015.0,408024053.0,2.7883333333333336,17.0,94.0,77.0,-110.78757763975155,-196.5,0.5,161,352.4622222222222,457.7431457431457
3,3302,408184644.0,408185254.0,0.16944444444444445,75.0,82.0,7.0,-82.68571428571428,-104.0,0.4,14,14.645833333333334,209.22619047619045
3,3304,408185806.0,408191826.0,1.6722222222222223,82.0,95.0,13.0,-55.525000000000006,-87.6,0.7,68,94.80277777777778,729.2521367521367
3,3592,409024715.0,409032335.0,2.1166666666666667,62.0,95.0,33.0,-80.7545,-130.1,0.3,200,207.5033333333333,628.7979797979797
3,4050,410023913.0,410033503.0,2.6638888888888888,24.0,94.0,70.0,-110.55938461538463,-198.8,0.1,325,318.0777777777778,454.3968253968254
3,4474,411011602.0,411020322.0,2.422222222222222,50.0,95.0,45.0,-83.30822510822512,-165.4,-36.3,231,179.1602777777778,398.133950617284
3,4922,412014909.0,412023939.0,2.5083333333333333,37.0,94.0,57.0,-100.79194139194139,-195.0,-49.1,273,306.22555555555556,537.2378167641326
3,5340,413020014.0,413025224.0,1.4472222222222222,30.0,95.0,65.0,-100.84497991967872,-199.7,3.9,249,158.05083333333334,243.15512820512822
3,5862,414013652.0,414023002.0,2.5972222222222223,34.0,94.0,60.0,-100.24410646387834,-174.3,0.8,263,276.99805555555554,461.66342592592594
3,6248,414193416.0,414200256.0,1.9,61.0,90.0,29.0,-94.43872832369944,-147.0,-26.5,173,137.4336111111111,473.90900383141764
3,6822,415033507.0,415033647.0,0.03888888888888889,41.0,44.0,3.0,-155.63636363636365,-172.9,-96.8,11,6.251111111111111,
3,6824,415034741.0,415034921.0,0.05,44.0,47.0,3.0,-163.74545454545455,-198.5,-65.9,11,8.94361111111111,
3,6828,415040533.0,415050253.0,2.7,49.0,95.0,46.0,-70.53536231884058,-147.9,-36.7,345,175.61972222222224,381.7820048309179
3,7540,415200140.0,415205340.0,1.4444444444444444,16.0,83.0,67.0,-117.51246006389776,-150.5,-39.1,313,170.58972222222224,254.61152570480928
3,7844,416020030.0,416025340.0,1.475,48.0,94.0,46.0,-78.89562500000001,-102.7,-50.0,320,116.6061111111111,253.49154589371977
3,8206,416180507.0,416183137.0,0.7305555555555555,52.0,84.0,32.0,-118.1575,-190.1,-56.6,160,86.23194444444444,269.47482638888886
3,8810,417012525.0,417020915.0,2.3305555555555557,47.0,94.0,47.0,-98.15984848484848,-171.4,-49.8,264,182.80333333333334,388.9432624113476
3,9442,417193417.0,417201057.0,2.1222222222222222,31.0,85.0,54.0,-132.7660633484163,-196.1,-43.6,221,259.4216666666666,480.4104938271604
3,9654,418002948.0,418010048.0,1.9722222222222223,68.0,95.0,27.0,-74.91818181818182,-129.0,-25.8,187,117.7647222222222,436.1656378600822
3,10266,419023109.0,419032809.0,2.6944444444444446,23.0,94.0,71.0,-112.17026239067056,-176.6,0.8,343,301.48,424.6197183098592
3,11050,419234027.0,420004836.0,214.1136111111111,22.0,87.0,65.0,-85.64243902439023,-163.2,-16.3,410,25904.997444444445,39853.84222222222
3,11280,420042751.0,420052321.0,2.658333333333333,59.0,99.0,40.0,-62.20449101796408,-134.0,-33.3,334,137.63555555555558,344.08888888888896
3,11908,420192849.0,420211229.0,5.105555555555555,20.0,99.0,79.0,-67.04074074074074,-125.1,-16.2,621,321.8991666666667,407.4672995780591
3,12202,421033935.0,421041705.0,2.158333333333333,59.0,95.0,36.0,-88.30309734513274,-147.2,4.0,226,155.85666666666668,432.9351851851853
3,12916,422013831.0,422023731.0,2.75,19.0,94.0,75.0,-114.28788732394365,-199.9,0.7,355,349.8947222222222,466.52629629629627
3,13720,422195018.0,422205728.0,2.975,11.0,95.0,84.0,-111.19975247524752,-197.1,1.0,404,426.17027777777776,507.34556878306876
3,13962,423000032.0,423001632.0,0.4444444444444444,83.0,95.0,12.0,-56.20412371134021,-56.9,-27.9,97,25.032777777777778,208.6064814814815
3,14812,424002638.0,424013638.0,3.0555555555555554,23.0,95.0,72.0,-93.06365795724466,-151.4,-31.0,421,273.6044444444444,380.0061728395062
3,15472,424192117.0,424200957.0,2.4555555555555557,35.0,91.0,56.0,-107.0911262798635,-150.3,-56.8,293,207.53249999999997,370.5937499999999
3,16020,425115238.0,425125118.0,2.7444444444444445,35.0,95.0,60.0,-90.72011331444759,-200.0,0.7,353,295.8836111111111,493.13935185185187
3,16920,426005423.0,426014553.0,2.536111111111111,34.0,94.0,60.0,-104.84548387096774,-200.0,-13.7,310,335.1588888888889,558.5981481481482
3,17436,426220801.0,426223741.0,0.8166666666666667,51.0,87.0,36.0,-108.24245810055865,-170.7,-49.1,179,88.8386111111111,246.7739197530864
3,18226,427173525.0,427183535.0,2.7805555555555554,15.0,89.0,74.0,-111.09226519337015,-177.4,-45.4,362,332.09666666666664,448.77927927927925
3,18528,428001802.0,428005402.0,1.0,60.0,95.0,35.0,-86.06774193548388,-146.6,-24.3,217,86.1288888888889,246.0825396825397
3,19184,429011807.0,429020747.0,2.4833333333333334,35.0,90.0,55.0,-100.72508361204014,-189.3,-48.0,299,199.89999999999998,363.4545454545454
3,19664,429130641.0,429135521.0,1.3555555555555556,41.0,95.0,54.0,-98.28293515358361,-151.1,-49.1,293,132.92777777777775,246.16255144032914
3,20384,430004332.0,430013232.0,2.4722222222222223,38.0,95.0,57.0,-104.36101694915254,-199.3,-48.7,295,283.2197222222222,496.8767056530214
4,222,401032927.0,401041607.0,2.411111111111111,22.0,88.0,66.0,-125.49608540925267,-199.0,-36.9,281,282.74888888888887,428.40740740740733
4,488,401123507.0,401132317.0,2.4472222222222224,53.0,97.0,44.0,-78.20604395604396,-152.3,-28.7,182,169.38361111111112,384.96275252525254
4,874,401223934.0,401231934.0,2.2222222222222223,40.0,89.0,49.0,-108.23904109589041,-173.7,3.7,146,241.42138888888888,492.6967120181406
4,1288,402224615.0,402231245.0,1.8416666666666666,27.0,72.0,45.0,-146.9917355371901,-175.1,-106.9,121,264.0436111111111,586.7635802469135
4,1772,403045802.0,403055952.0,2.8194444444444446,15.0,96.0,81.0,-113.53360215053763,-199.2,0.5,372,414.665,511.9320987654321
4,1868,403125050.0,403133630.0,2.3833333333333333,64.0,99.0,35.0,-69.14356435643565,-124.2,-12.1,202,206.4677777777778,589.9079365079366
4,2270,403193204.0,403200824.0,2.1166666666666667,48.0,90.0,42.0,-110.81851851851853,-171.5,-54.3,108,163.71083333333334,389.78769841269843
4,2570,404010605.0,404012535.0,0.5361111111111111,51.0,79.0,28.0,-124.85631067961165,-180.6,-99.6,103,66.88138888888888,238.8621031746031
4,2580,404134058.0,404135858.0,0.5,79.0,92.0,13.0,-59.72580645161288,-85.2,-54.8,93,29.604722222222218,227.72863247863245
4,2802,404215107.0,404222937.0,2.175,57.0,95.0,38.0,-84.88984375000001,-140.5,-1.6,128,229.98833333333334,605.2324561403509
4,3176,405033813.0,405042823.0,2.5027777777777778,50.0,99.0,49.0,-84.25827814569537,-179.3,-22.6,302,236.6386111111111,482.93594104308386
4,3296,405130513.0,405132953.0,0.6777777777777778,72.0,92.0,20.0,-82.75168539325843,-125.4,-36.2,89,51.44694444444445,257.2347222222222
4,3730,405234658.0,406005748.0,214.19166666666666,11.0,98.0,87.0,-100.15904761904761,-182.8,-14.9,315,38986.04694444443,44811.548212005095
4,3954,406133700.0,406141750.0,2.236111111111111,54.0,92.0,38.0,-89.56862745098039,-167.5,0.9,153,148.01277777777779,389.5073099415205
4,4300,407010130.0,407021020.0,3.025,27.0,99.0,72.0,-84.9969696969697,-197.7,-15.5,231,219.53333333333333,304.9074074074074
4,4476,407115643.0,407124453.0,2.4472222222222224,47.0,97.0,50.0,-87.8717277486911,-162.4,-36.7,191,271.3688888888889,542.7377777777778
4,4834,407205037.0,407212617.0,2.1055555555555556,60.0,93.0,33.0,-87.35177304964537,-112.2,-53.9,141,199.54444444444442,604.6801346801346
4,5154,408050211.0,408055801.0,1.5527777777777778,22.0,95.0,73.0,-113.10773809523809,-200.1,2.4,336,175.58499999999998,240.52739726027394
4,5632,409132650.0,409141010.0,2.3222222222222224,6.0,77.0,71.0,-146.92000000000002,-176.7,-105.5,170,310.5583333333333,437.4061032863849
4,5882,409191904.0,409195724.0,1.0611111111111111,54.0,94.0,40.0,-94.00902255639099,-166.6,-46.8,133,92.99111111111111,232.47777777777776
4,6084,410020428.0,410024348.0,1.0888888888888888,56.0,94.0,38.0,-86.12070707070708,-142.4,0.4,198,95.91111111111111,252.39766081871346
4,6376,410192854.0,410195454.0,0.7222222222222222,43.0,81.0,38.0,-127.35980392156864,-198.1,0.5,102,92.25,242.76315789473685
4,6854,411033252.0,411043452.0,2.8333333333333335,20.0,98.0,78.0,-107.64128686327076,-199.0,-36.8,373,322.71638888888884,413.73896011396005
4,7040,411124021.0,411132051.0,2.2305555555555556,72.0,93.0,21.0,-47.376223776223775,-66.8,0.4,143,80.61194444444445,383.8664021164021
4,7570,412004300.0,412015630.0,3.147222222222222,19.0,98.0,79.0,-89.21756756756756,-194.2,0.6,296,405.57138888888886,513.3815049226441
4,7746,412121156.0,412124746.0,0.9972222222222222,54.0,91.0,37.0,-95.52061068702291,-166.7,-36.8,131,92.61583333333333,250.31306306306305
4,8094,412221040.0,412223140.0,0.5833333333333334,45.0,76.0,31.0,-137.16849315068492,-198.0,-4.7,73,76.7286111111111,247.5116487455197
4,8250,413131008.0,413134248.0,0.9,61.0,93.0,32.0,-83.807,-167.9,-54.8,100,74.35694444444444,232.36545138888886
4,8516,413195107.0,413203027.0,2.2,51.0,93.0,42.0,-95.21607142857142,-164.6,3.7,112,238.03833333333333,566.7579365079365
4,8768,414033405.0,414034355.0,0.2638888888888889,27.0,45.0,18.0,-157.87166666666673,-171.8,-43.7,60,42.56472222222222,236.4706790123457
4,8814,414041140.0,414050610.0,2.6305555555555555,39.0,98.0,59.0,-93.14634146341463,-196.6,0.6,328,192.98944444444444,327.10075329566854
4,9268,414171041.0,414174551.0,0.975,22.0,79.0,57.0,-146.61451612903227,-197.2,-35.2,186,142.56194444444446,250.1086744639377
4,9472,414203057.0,414214027.0,3.047222222222222,46.0,89.0,43.0,-53.09354066985646,-165.3,1.0,418,171.9302777777778,399.8378552971577
4,9936,415091926.0,415100726.0,2.4444444444444446,24.0,90.0,66.0,-120.26678200692041,-197.5,4.1,289,220.20111111111112,333.6380471380471
4,10456,416004555.0,416020455.0,4.416666666666667,25.0,97.0,72.0,-79.44800000000001,-95.0,-4.7,475,329.395,457.49305555555554
4,10706,416133659.0,416135959.0,0.6388888888888888,74.0,93.0,19.0,-69.76546762589926,-125.3,-53.7,139,44.94361111111111,236.5453216374269
4,11120,416193405.0,416201405.0,2.2222222222222223,56.0,95.0,39.0,-88.2240663900415,-166.6,-19.3,241,158.5986111111111,406.66310541310537
4,11616,417024149.0,417033159.0,2.5027777777777778,41.0,95.0,54.0,-95.32549668874172,-148.9,0.7,302,273.365,506.23148148148147
4,11906,417121019.0,417124929.0,1.086111111111111,61.0,97.0,36.0,-79.05,-139.6,-47.0,236,85.63527777777777,237.87577160493828
4,12436,417211332.0,417215412.0,1.1333333333333333,40.0,90.0,50.0,-110.40163265306121,-198.0,-55.1,245,125.08166666666668,250.16333333333336
4,12948,418121135.0,418130725.0,2.6638888888888888,26.0,95.0,69.0,-107.39910714285713,-175.8,-47.4,336,228.0313888888889,330.4802737520129
4,13648,419124821.0,419133751.0,2.4805555555555556,33.0,94.0,61.0,-107.00671140939596,-199.7,-15.0,298,305.3355555555555,500.5500910746812
4,14266,419192934.0,419201304.0,2.325,50.0,82.0,32.0,-66.28473282442748,-149.2,-27.1,262,134.03583333333336,418.86197916666674
4,14536,420015551.0,420024651.0,2.5277777777777777,35.0,94.0,59.0,-102.41628664495114,-194.9,-30.4,307,357.29055555555556,605.5772128060264
4,14900,420123325.0,420131825.0,2.361111111111111,53.0,92.0,39.0,-79.38339483394834,-169.5,3.2,271,174.9611111111111,448.6182336182336
4,15258,420190924.0,420194824.0,1.0833333333333333,60.0,95.0,35.0,-80.08589743589744,-141.6,-24.7,234,86.50277777777777,247.15079365079364
4,15762,421123700.0,421131700.0,2.2222222222222223,56.0,95.0,39.0,-87.70497925311203,-142.5,3.7,241,158.04166666666666,405.2350427350427
4,16246,421212122.0,421215012.0,0.8027777777777778,35.0,79.0,44.0,-136.27011494252875,-179.7,-107.9,174,109.01361111111109,247.75820707070702
4,16864,422060716.0,422071806.0,3.0805555555555557,4.0,96.0,92.0,-112.1267605633803,-199.5,0.1,426,282.2413888888889,306.7841183574879
4,17522,423003052.0,423005202.0,0.5972222222222222,35.0,61.0,26.0,-111.7265625,-148.4,-19.2,128,67.25055555555556,258.6559829059829
4,17754,423075945.0,423085935.0,2.775,31.0,99.0,68.0,-97.39833333333334,-200.5,-14.9,360,350.0969444444445,514.8484477124183
4,18474,424120226.0,424124936.0,1.3083333333333333,40.0,95.0,55.0,-99.1225352112676,-200.2,-46.1,284,129.435,235.33636363636361
4,19060,425011410.0,425021240.0,2.7305555555555556,16.0,95.0,79.0,-115.75795454545454,-199.5,-25.8,352,248.27499999999998,314.27215189873414
4,19362,425180051.0,425181711.0,0.46111111111111114,63.0,80.0,17.0,-93.55858585858587,-119.9,0.5,99,42.97222222222222,252.77777777777774
4,20068,426115741.0,426130231.0,4.025,9.0,95.0,86.0,-115.23538461538462,-199.5,-18.4,390,491.77722222222224,571.8339793281654
4,20756,427005731.0,427020051.0,3.977777777777778,20.0,98.0,78.0,-105.89343832020998,-197.3,-48.1,381,403.7947222222223,517.6855413105413
4,21458,428015527.0,428024837.0,2.5861111111111112,26.0,94.0,68.0,-112.94812499999998,-198.9,-47.9,320,383.8380555555555,564.4677287581699
4,21952,428211725.0,428214555.0,0.7861111111111111,50.0,86.0,36.0,-110.42151162790698,-197.8,0.8,172,87.64888888888888,243.4691358024691
4,22442,429024358.0,429033808.0,2.625,41.0,97.0,56.0,-90.94110429447854,-195.2,-34.4,326,271.7172222222222,485.20932539682525
4,23302,429195550.0,429205800.0,2.8472222222222223,22.0,97.0,75.0,-103.27486631016043,-196.5,3.9,374,313.05333333333334,417.40444444444444
4,23916,430062616.0,430083256.0,5.733333333333333,31.0,98.0,67.0,-47.605124835742444,-99.5,-7.5,761,256.3530555555555,382.6165008291873
4,24378,430163840.0,430170520.0,1.8555555555555556,55.0,80.0,25.0,-84.4863354037267,-136.8,-69.5,161,140.15861111111113,560.6344444444445
5,71,401011547.0,401033137.0,5.997222222222222,10.0,100.0,90.0,-54.684709480122315,-199.8,-6.7,654,288.1230555555556,320.13672839506177
5,235,401112608.0,401114738.0,0.5916666666666667,61.0,85.0,24.0,-88.675,-119.3,-54.0,84,56.02500000000001,233.43750000000006
5,577,402152333.0,402153633.0,0.3611111111111111,17.0,38.0,21.0,-146.22499999999997,-149.2,-54.7,44,53.69111111111111,255.6719576719577
5,841,402235320.0,403015810.0,216.80277777777778,6.0,100.0,94.0,-63.4205504587156,-199.1,-6.8,545,41772.203888888886,44438.51477541371
5,1435,404005526.0,404023256.0,4.925,31.0,100.0,69.0,-55.84878048780489,-199.1,-6.8,492,363.931388888889,527.4367954911435
5,1947,405022111.0,405033921.0,3.2805555555555554,45.0,100.0,55.0,-60.928329297820824,-171.9,-14.7,413,192.01416666666668,349.1166666666667
5,2557,406011741.0,406030221.0,5.133333333333334,27.0,100.0,73.0,-53.63264248704664,-199.8,-7.4,579,253.55305555555555,347.3329528158295
5,3001,407013841.0,407035101.0,5.905555555555556,16.0,99.0,83.0,-52.38816568047338,-196.7,-5.0,507,349.3855555555556,420.94645247657303
5,3611,408014628.0,408034428.0,5.5,18.0,99.0,81.0,-49.3060291060291,-199.1,-15.2,481,350.0147222222222,432.1169410150891
5,4207,409022927.0,409035727.0,3.5555555555555554,28.0,99.0,71.0,-66.01141649048625,-199.3,-14.7,473,294.465,414.7394366197183
5,4709,411214018.0,411230248.0,4.508333333333334,47.0,99.0,52.0,-60.70695970695971,-164.0,-14.7,273,265.41166666666663,510.4070512820512
5,4813,412105309.0,412110749.0,1.511111111111111,85.0,95.0,10.0,-52.485915492957744,-53.7,0.4,71,80.82749999999999,808.2749999999999
5,5071,412194308.0,412201528.0,2.0055555555555555,15.0,59.0,44.0,-109.60892857142858,-146.2,1.7,112,266.7983333333333,606.3598484848484
5,5309,413013041.0,413031821.0,5.216666666666667,28.0,100.0,72.0,-56.517304189435336,-195.1,1.0,549,304.31527777777774,422.66010802469134
5,5925,414020828.0,414040438.0,5.447222222222222,15.0,100.0,85.0,-60.197712418300654,-198.1,-6.5,612,283.0422222222222,332.9908496732026
5,6351,414172126.0,414175116.0,0.8305555555555556,53.0,88.0,35.0,-100.52483660130719,-163.3,-52.7,153,82.76861111111111,236.48174603174604
5,6983,415003409.0,415021209.0,4.944444444444445,30.0,100.0,70.0,-64.0955857385399,-197.4,-7.0,589,298.1780555555555,425.96865079365074
5,7909,416012752.0,416013132.0,0.10555555555555556,5.0,11.0,6.0,-146.3913043478261,-148.9,-145.2,23,15.446944444444444,257.4490740740741
5,7943,416014946.0,416035036.0,5.580555555555556,9.0,100.0,91.0,-66.43140495867769,-178.6,-6.7,726,461.7319444444445,507.39774114774116
5,8823,417020102.0,417035732.0,4.341666666666667,13.0,100.0,87.0,-65.6737142857143,-198.7,-6.0,700,269.3644444444444,309.6143039591315
5,9271,417164524.0,417173214.0,2.4138888888888888,55.0,99.0,44.0,-80.0436170212766,-164.8,2.3,282,222.0961111111111,504.76388888888886
5,9499,418015132.0,418022002.0,1.9083333333333334,66.0,92.0,26.0,-79.04127906976743,-139.2,-53.1,172,179.35083333333336,689.8108974358975
5,10131,418191946.0,418194836.0,0.8027777777777778,35.0,80.0,45.0,-134.11436781609197,-174.9,0.8,174,108.48194444444444,241.07098765432096
5,10413,419022348.0,419025838.0,0.9694444444444444,46.0,88.0,42.0,-105.36714285714285,-197.8,0.8,210,102.89527777777779,244.98875661375666
5,10905,419175108.0,419181648.0,1.8166666666666667,31.0,71.0,40.0,-134.89419354838708,-198.7,-10.3,155,277.0822222222222,692.7055555555554
5,11327,420020318.0,420025748.0,1.5083333333333333,27.0,95.0,68.0,-106.69756097560976,-176.5,0.6,328,161.47277777777776,237.4599673202614
5,11895,420205956.0,420213926.0,2.213888888888889,17.0,81.0,64.0,-143.09621848739496,-198.8,1.0,238,234.38416666666672,366.22526041666674
5,12025,421031223.0,421042753.0,3.202777777777778,68.0,100.0,32.0,-40.50110132158591,-122.0,-5.6,454,93.05972222222223,290.81163194444446
5,12827,422014708.0,422030908.0,4.5,34.0,100.0,66.0,-72.83975659229209,-173.4,-14.0,493,334.30805555555554,506.52735690235687
5,13245,422181837.0,422182047.0,0.058333333333333334,62.0,62.0,0.0,-30.528571428571432,-76.9,-1.3,14,1.9327777777777777,
5,13985,423012006.0,423022825.0,3.0052777777777777,16.0,100.0,84.0,-104.238199513382,-176.0,-18.1,411,313.9414444444444,373.7398148148148
5,14221,424142620.0,424142800.0,0.05,81.0,81.0,0.0,-10.163636363636364,-26.8,-3.6,11,0.4777777777777778,
5,14631,424204007.0,424205927.0,0.5333333333333333,46.0,59.0,13.0,-57.026495726495725,-58.1,-29.3,117,30.538888888888888,234.9145299145299
5,15205,425024349.0,425043809.0,5.405555555555556,18.0,100.0,82.0,-63.61048034934498,-198.7,-6.7,687,363.505,443.2987804878049
5,16127,426005821.0,426022721.0,4.694444444444445,25.0,100.0,75.0,-74.45551401869159,-175.5,-2.9,535,427.37,569.8266666666667
5,17163,427015818.0,427034518.0,5.194444444444445,24.0,99.0,75.0,-63.148678071539656,-175.8,-6.8,643,431.76444444444445,575.685925925926
5,17383,427144100.0,427150130.0,1.675,81.0,95.0,14.0,-53.179032258064524,-98.3,0.8,124,89.13388888888889,636.6706349206348
5,18133,428012501.0,428024301.0,3.2777777777777777,41.0,100.0,59.0,-68.42388059701493,-173.0,-7.2,469,206.43555555555554,349.89077212806023
5,18761,428220350.0,428222420.0,0.575,43.0,68.0,25.0,-107.62096774193549,-144.4,2.2,124,61.876944444444455,247.50777777777782
5,19331,429040300.0,429040800.0,0.1388888888888889,5.0,16.0,11.0,-188.5483870967742,-196.4,-60.5,31,26.79361111111111,243.57828282828282
5,19387,429043507.0,429063717.0,5.613888888888889,9.0,100.0,91.0,-66.12765667574932,-198.2,-6.6,734,383.90138888888885,421.8696581196581
5,20145,429232537.0,429233437.0,0.25,35.0,52.0,17.0,-163.3909090909091,-199.0,-32.6,55,41.06888888888888,241.58169934640514
5,20503,430042006.0,430062116.0,5.586111111111111,10.0,99.0,89.0,-66.25123626373626,-199.2,-6.8,728,346.36777777777775,389.17727840199746
6,252,401044012.0,401054702.0,2.9694444444444446,20.0,97.0,77.0,-98.5495024875622,-159.7,0.5,402,314.54055555555556,408.49422799422797
6,672,401180114.0,401184814.0,1.3055555555555556,46.0,96.0,50.0,-97.56850828729283,-168.6,0.9,181,118.99666666666667,237.99333333333334
6,1344,402071654.0,402082104.0,2.9027777777777777,13.0,97.0,84.0,-118.15252525252527,-198.1,-50.5,297,258.2886111111111,307.48644179894177
6,1408,402095838.0,402100338.0,1.25,87.0,91.0,4.0,-54.464285714285715,-55.7,-53.1,28,67.66833333333334,
6,1516,402131414.0,402134204.0,0.775,77.0,97.0,20.0,-61.16371681415929,-107.9,0.8,113,46.725,233.625
6,1812,403011255.0,403015735.0,1.2444444444444445,54.0,97.0,43.0,-86.13,-164.3,0.8,200,102.62611111111111,238.6653746770026
6,2910,403192356.0,403202806.0,2.9027777777777777,13.0,97.0,84.0,-113.113,-197.2,-50.6,200,318.9786111111111,379.73644179894177
6,3270,404063909.0,404072319.0,2.3361111111111112,52.0,96.0,44.0,-91.94660633484163,-163.8,0.5,221,223.0236111111111,506.8718434343434
6,3864,404183049.0,404192459.0,2.613888888888889,32.0,96.0,64.0,-103.93599999999999,-197.2,-51.0,175,270.4352777777778,422.5551215277778
6,4400,405054332.0,405065632.0,3.138888888888889,1.0,97.0,96.0,-111.43462414578589,-158.0,1.5,439,400.2736111111111,416.95167824074076
6,4810,405175319.0,405183459.0,2.261111111111111,51.0,94.0,43.0,-94.25065789473686,-165.9,-9.3,152,242.05583333333334,562.920542635659
6,5088,406021928.0,406023128.0,0.3333333333333333,29.0,51.0,22.0,-161.65616438356165,-196.5,0.7,73,55.216666666666676,250.98484848484853
6,5196,406065339.0,406074539.0,2.5555555555555554,37.0,97.0,60.0,-99.0488,-198.6,-50.3,250,297.82416666666666,496.37361111111113
6,5770,406192901.0,406202921.0,2.783333333333333,20.0,96.0,76.0,-103.32025316455696,-196.2,-50.5,158,298.9905555555556,393.40862573099423
6,6012,407052538.0,407063208.0,2.963888888888889,20.0,97.0,77.0,-91.89032258064516,-158.0,-39.6,310,314.34277777777777,408.23737373737373
6,6498,407133648.0,407134928.0,0.35555555555555557,50.0,69.0,19.0,-132.68846153846155,-168.1,-80.3,26,47.24888888888888,248.67836257309935
6,6822,407190236.0,407195926.0,1.5805555555555555,37.0,96.0,59.0,-96.74408602150538,-158.1,-38.9,186,148.65333333333334,251.95480225988703
6,7122,408062021.0,408071151.0,2.536111111111111,44.0,97.0,53.0,-91.86209150326798,-166.9,1.0,306,187.2711111111111,353.34171907756814
6,8026,408191021.0,408200611.0,2.6638888888888888,31.0,97.0,66.0,-106.54887640449437,-197.4,-52.2,178,213.07611111111112,322.8425925925926
6,8540,409060125.0,409061205.0,0.3,2.0,23.0,21.0,-179.2030769230769,-198.7,0.6,65,54.30444444444444,258.5925925925926
6,8570,409064651.0,409075421.0,2.9916666666666667,16.0,97.0,81.0,-103.34802431610942,-197.5,0.7,329,315.6536111111111,389.6958161865569
6,9300,409185223.0,409194913.0,2.691666666666667,27.0,96.0,69.0,-100.6711111111111,-157.3,-51.3,180,336.8933333333333,488.2512077294686
6,9726,410063301.0,410063541.0,0.06666666666666667,36.0,40.0,4.0,-111.21176470588236,-118.3,0.6,17,7.880000000000001,
6,9794,410071341.0,410081441.0,2.8055555555555554,39.0,89.0,50.0,-70.00749063670412,-124.2,-31.9,267,155.24805555555554,310.4961111111111
6,10490,410190730.0,410200259.0,2.6469444444444443,31.0,97.0,66.0,-99.17658536585367,-158.1,1.6,205,215.4706111111111,326.47062289562285
6,10904,411060825.0,411072615.0,3.275,8.0,97.0,89.0,-100.55925,-118.1,0.8,400,329.68527777777774,370.4328963795256
6,11590,411184047.0,411194707.0,2.9611111111111112,20.0,96.0,76.0,-98.19285714285714,-158.4,-40.1,196,313.3761111111112,412.33698830409367
6,11918,412062234.0,412070344.0,2.2527777777777778,60.0,97.0,37.0,-83.48144796380092,-139.9,0.7,221,151.47055555555556,409.3798798798799
6,12428,412192756.0,412202926.0,2.825,17.0,96.0,79.0,-107.74051724137932,-197.5,-50.6,232,300.13,379.9113924050633
6,13022,413060454.0,413061804.0,0.375,3.0,14.0,11.0,-76.55375000000001,-78.8,0.7,80,29.069444444444443,264.26767676767673
6,13048,413065624.0,413080444.0,4.116666666666666,12.0,96.0,84.0,-103.17328519855596,-158.2,0.7,277,428.66055555555545,510.31018518518505
6,13564,413184017.0,413193507.0,2.636111111111111,40.0,97.0,57.0,-91.06451612903226,-157.8,0.8,186,265.8019444444444,466.3192007797271
6,13966,414061513.0,414070653.0,2.5388888888888888,39.0,97.0,58.0,-101.22656826568263,-157.7,0.7,271,197.5311111111111,340.57088122605364
6,14396,414165401.0,414173021.0,2.1166666666666667,66.0,97.0,31.0,-72.02594936708861,-123.4,0.8,158,193.06444444444446,622.7885304659499
6,14746,414212326.0,414214256.0,0.5361111111111111,57.0,83.0,26.0,-116.11440677966101,-147.1,-35.6,118,63.20416666666668,243.09294871794876
6,15574,415070510.0,415081340.0,3.0083333333333333,11.0,97.0,86.0,-108.79466019417477,-157.6,0.7,412,265.3836111111111,308.5855943152455
6,16280,415183401.0,415193521.0,2.811111111111111,20.0,97.0,77.0,-106.53170731707316,-197.3,0.9,369,305.6975,397.0097402597402
6,16826,416062801.0,416074511.0,3.2527777777777778,5.0,97.0,92.0,-102.05754310344827,-158.2,0.7,464,372.80055555555555,405.2179951690821
6,17020,416123913.0,416130723.0,1.8916666666666666,71.0,95.0,24.0,-69.66647058823528,-124.1,-47.1,170,114.37833333333333,476.5763888888889
6,17344,416185315.0,416192945.0,2.1194444444444445,66.0,97.0,31.0,-74.01272727272728,-138.5,1.0,220,193.30055555555555,623.5501792114695
6,17806,417053238.0,417071109.0,4.964166666666666,2.0,99.0,97.0,-97.60180360721442,-158.7,0.8,499,440.0193888888889,453.6282359679267
6,18366,417124733.0,417132823.0,2.2472222222222222,53.0,95.0,42.0,-91.41056910569104,-166.6,-53.5,246,240.98444444444448,573.7724867724869
6,18972,417212005.0,417221415.0,2.613888888888889,36.0,98.0,62.0,-97.75490797546011,-172.7,4.2,326,206.20361111111112,332.5864695340502
6,19880,418175323.0,418190113.0,4.108333333333333,9.0,97.0,88.0,-106.90081743869212,-175.1,1.0,367,457.93,520.375
6,20458,419032856.0,419041816.0,2.488888888888889,43.0,97.0,54.0,-94.18821548821549,-157.7,0.7,297,188.42277777777775,348.9310699588477
6,20786,419133559.0,419140719.0,1.988888888888889,67.0,95.0,28.0,-75.92169312169312,-124.9,-52.6,189,126.60833333333333,452.172619047619
6,21598,419235132.0,420004732.0,213.77777777777777,21.0,95.0,74.0,-113.95103857566765,-200.4,-52.7,337,35362.66083333333,47787.3795045045
6,21904,420032346.0,420035736.0,0.9416666666666667,64.0,95.0,31.0,-78.17598039215686,-112.1,-53.9,204,73.74055555555556,237.87275985663084
6,22208,420113835.0,420115025.0,0.33055555555555555,36.0,52.0,16.0,-114.31805555555555,-120.3,-37.6,72,37.71194444444445,235.6996527777778
6,22302,420130728.0,420141148.0,2.8944444444444444,22.0,98.0,76.0,-101.19121447028424,-148.9,0.9,387,240.63083333333333,316.6195175438596
6,22926,420232203.0,421001433.0,213.675,31.0,95.0,64.0,-105.04272151898734,-174.4,2.2,316,11548.926944444447,18045.19835069445
6,23328,421113725.0,421121035.0,2.0305555555555554,64.0,94.0,30.0,-78.97614213197969,-166.5,-52.3,197,132.8786111111111,442.92870370370366
6,23988,421225647.0,421235157.0,2.6416666666666666,26.0,95.0,69.0,-107.34849397590361,-198.5,-17.6,332,361.45805555555563,523.8522544283416
6,24292,422031600.0,422034720.0,0.8666666666666667,72.0,95.0,23.0,-63.61904761904762,-106.9,-52.0,189,55.0136111111111,239.18961352657
6,24754,422132615.0,422142045.0,2.6194444444444445,47.0,98.0,51.0,-83.03628048780487,-197.4,-14.9,328,184.735,362.22549019607845
6,25616,423020354.0,423025914.0,1.5444444444444445,25.0,95.0,70.0,-108.50690690690692,-196.7,-51.4,333,167.135,238.7642857142857
6,26050,423131404.0,423135144.0,1.038888888888889,58.0,95.0,37.0,-84.19427312775329,-141.4,-35.5,227,87.22472222222223,235.74249249249252
6,26352,423205644.0,423212624.0,1.9388888888888889,69.0,95.0,26.0,-74.98994413407821,-123.8,-53.3,179,199.39944444444447,766.9209401709403
6,26522,424084421.0,424085931.0,0.41944444444444445,85.0,95.0,10.0,-53.74239130434784,-54.7,-36.6,92,22.614722222222216,226.14722222222215
6,27154,424204520.0,424213310.0,2.441666666666667,40.0,95.0,55.0,-99.02361111111112,-172.9,-41.9,288,268.4025,488.0045454545454
6,27682,425093525.0,425102315.0,2.441666666666667,43.0,95.0,52.0,-94.34687500000001,-172.7,-35.1,288,246.24555555555554,473.54914529914527
6,28270,426122914.0,426125024.0,0.5861111111111111,55.0,81.0,26.0,-109.15234375,-131.8,-99.1,128,63.92111111111112,245.85042735042737
6,28634,426185511.0,426194641.0,2.536111111111111,30.0,94.0,64.0,-106.77645161290322,-199.0,1.5,310,371.2258333333333,580.0403645833333
6,29364,427065410.0,427075050.0,2.6777777777777776,25.0,95.0,70.0,-107.65278592375365,-198.0,1.5,341,386.5580555555556,552.2257936507938
6,29848,427124602.0,427132222.0,2.1166666666666667,56.0,93.0,37.0,-87.7420091324201,-140.7,-41.6,219,206.80638888888888,558.9361861861862
6,30472,428041746.0,428051446.0,2.6944444444444446,29.0,96.0,67.0,-103.6603498542274,-199.3,0.6,343,224.61222222222221,335.24212271973465
6,31166,428204352.0,428220022.0,4.352777777777778,17.0,97.0,80.0,-88.20521739130434,-199.1,0.1,460,352.6741666666667,440.84270833333335
6,31358,429080639.0,429082209.0,0.4361111111111111,85.0,95.0,10.0,-53.51063829787235,-55.1,-35.6,94,23.39305555555555,233.9305555555555
6,32354,429220828.0,429230808.0,2.772222222222222,17.0,95.0,78.0,-112.14122562674093,-199.9,-36.1,359,245.21333333333334,314.37606837606836
6,32654,430125857.0,430133637.0,2.161111111111111,58.0,95.0,37.0,-84.36651982378855,-164.3,-20.8,227,245.89444444444445,664.5795795795796
6,33098,430190835.0,430195235.0,1.2222222222222223,47.0,95.0,48.0,-94.96603773584906,-198.4,-52.5,265,116.50888888888889,242.72685185185188
7,1,102135426.0,102140812.0,1.4961111111111112,70.0,68.0,-2.0,8.621287128712872,-49.0,127.0,404,4.317222222222222,
7,3,102140912.0,102150924.0,2.781111111111111,68.0,94.0,26.0,-28.920309905921417,-36.0,-11.0,1807,85.01166666666667,326.96794871794873
7,5,102151000.0,103125736.0,270.76,94.0,46.0,-48.0,6.54048709408826,-82.0,163.0,9608,180.79222222222222,
7,7,103125840.0,103143336.0,4.86,46.0,94.0,48.0,-37.06879606879607,-52.0,-19.0,2849,173.36111111111111,361.1689814814815
7,9,103143422.0,104042036.0,249.615,94.0,54.0,-40.0,3.4984726211644555,-69.0,158.0,21933,372.15833333333353,
7,11,104042146.0,104060334.0,5.052222222222222,54.0,100.0,46.0,-31.251718494271685,-48.0,-5.0,3055,140.64277777777778,305.7451690821256
7,13,104060740.0,105124314.0,295.4372222222222,99.0,55.0,-44.0,6.445119891928402,-91.0,168.0,14805,129.68,
7,15,105124354.0,105135958.0,3.223333333333333,55.0,97.0,42.0,-32.77441962330267,-42.0,-13.0,2283,102.5588888888889,244.18783068783074
7,17,105140414.0,106125124.0,273.53055555555557,96.0,58.0,-38.0,4.602906644665863,-78.0,178.0,15757,310.9411111111111,
7,19,106125154.0,106141434.0,4.522222222222222,58.0,98.0,40.0,-32.148730350665055,-44.0,-15.0,2481,138.39055555555555,345.97638888888883
7,21,106141538.0,107140156.0,277.3938888888889,98.0,55.0,-43.0,4.70000541506471,-60.0,165.0,18467,964.0688888888892,
7,23,107140300.0,107145936.0,1.5655555555555556,55.0,92.0,37.0,-37.12065921130076,-46.0,-18.0,1699,58.18333333333334,157.25225225225228
7,25,107150942.0,108124704.0,270.4894444444444,92.0,50.0,-42.0,6.739735621115294,-71.0,160.0,11423,163.88500000000002,
7,27,108124754.0,108140702.0,4.43,50.0,98.0,48.0,-39.85010526315789,-54.0,-16.0,2375,155.505,323.96875
7,29,108140812.0,109202618.0,294.9461111111111,98.0,23.0,-75.0,6.639456371191136,-108.0,169.0,23104,3692.2772222222216,
7,31,109202716.0,109211126.0,2.3361111111111112,23.0,50.0,27.0,-52.19004524886878,-62.0,-7.0,1326,125.11444444444447,463.3868312757202
7,33,109211202.0,110015314.0,223.36444444444444,50.0,35.0,-15.0,4.305147058823529,-67.0,163.0,8432,261.5822222222223,
7,35,110015358.0,110031322.0,4.434444444444445,35.0,99.0,64.0,-51.04196391103651,-73.0,-11.0,2383,200.4477777777778,313.19965277777777
7,37,110031516.0,112021004.0,552.6355555555556,99.0,31.0,-68.0,5.475215359906556,-102.0,168.0,27396,337.8411111111111,
7,39,112021054.0,112033458.0,3.4455555555555555,31.0,96.0,65.0,-50.83511692429647,-67.0,-19.0,2523,176.35000000000002,271.3076923076923
7,41,112033604.0,113011406.0,271.6116666666667,96.0,48.0,-48.0,6.016591624005428,-88.0,148.0,16213,411.2127777777779,
7,43,113011446.0,113021732.0,2.857222222222222,48.0,98.0,50.0,-52.72292993630573,-64.0,-2.0,1884,159.54611111111114,319.0922222222223
7,45,113021818.0,113234410.0,59.053333333333335,98.0,50.0,-48.0,7.65625721098377,-77.0,155.0,13001,220.4572222222222,
7,47,113234636.0,113234734.0,0.02722222222222222,50.0,50.0,0.0,5.0,-1.0,25.0,26,0.15055555555555555,
7,49,113234812.0,114004356.0,213.76222222222222,50.0,95.0,45.0,-51.63717872086073,-61.0,-17.0,1673,9841.895555555557,21870.879012345682
7,51,114004450.0,115005654.0,278.1122222222222,94.0,31.0,-63.0,7.4548672566371685,-97.0,165.0,17515,386.95944444444456,
7,53,115005810.0,115030014.0,6.723333333333334,31.0,98.0,67.0,-36.352989352989354,-50.0,-3.0,3663,226.6905555555556,338.34411276948595
7,55,115030220.0,116131726.0,305.9738888888889,97.0,48.0,-49.0,8.068135516486834,-93.0,163.0,13253,151.57944444444445,
7,57,116131826.0,116140818.0,2.497777777777778,48.0,60.0,12.0,-19.587174348697395,-23.0,-18.0,1497,49.36833333333335,411.4027777777779
7,59,116140946.0,116144950.0,1.1122222222222222,60.0,72.0,12.0,-25.30922693266833,-30.0,-3.0,1203,28.126666666666665,234.38888888888889
7,61,116145032.0,116225508.0,22.354444444444443,72.0,37.0,-35.0,6.875225004090984,-104.0,168.0,12222,302.9677777777778,
7,63,116225614.0,117002414.0,215.77777777777777,37.0,71.0,34.0,-31.804619462324876,-46.0,-13.0,2641,7743.354444444448,22774.571895424844
7,65,117003016.0,131135922.0,3925.807222222222,71.0,43.0,-28.0,1.2325809224863546,-99.0,170.0,50017,140.6216666666667,
7,67,131140546.0,131150804.0,2.8494444444444444,43.0,77.0,34.0,-45.43582887700535,-58.0,-19.0,1870,140.14777777777783,412.1993464052289
7,69,131150844.0,131235958.0,23.642777777777777,77.0,47.0,-30.0,5.954758713136729,-52.0,109.0,11936,160.19666666666666,
8,4,401023633.0,401044633.0,5.833333333333333,31.0,99.0,68.0,-192.78963730569944,-270.3,-59.5,386,1130.3928888888888,1662.3424836601305
8,86,402082449.0,402083429.0,0.2722222222222222,85.0,91.0,6.0,-228.50322580645167,-239.8,-182.3,31,61.84325,1030.7208333333333
8,432,403015529.0,403033234.0,4.918055555555555,46.0,99.0,53.0,-188.93766666666664,-197.6,0.2,300,956.99975,1805.6599056603773
8,732,403235949.0,404015232.0,216.4675,58.0,98.0,40.0,-131.43495440729484,-239.3,0.2,329,588.7701944444444,1471.925486111111
8,1074,405000039.0,405023305.0,6.462777777777778,46.0,99.0,53.0,-150.0611413043478,-237.9,0.1,368,1131.4105277777776,2134.736844863731
8,1468,406025127.0,406045213.0,5.579444444444444,44.0,98.0,54.0,-156.1611859838275,-238.0,0.2,371,886.8174444444445,1642.254526748971
8,2278,408000113.0,408015119.0,4.168333333333333,57.0,99.0,42.0,-189.76695278969956,-237.7,0.1,233,817.3150555555555,1945.9882275132275
8,2706,409015407.0,409044413.0,8.057222222222222,40.0,99.0,59.0,-127.3173745173745,-131.4,0.3,518,1040.197638888889,1763.0468455743883
8,2896,409233314.0,410010559.0,215.9013888888889,70.0,99.0,29.0,-162.57659574468087,-239.7,0.2,188,35627.29713888889,122852.74875478928
8,3110,410193848.0,410194148.0,0.08333333333333333,70.0,70.0,0.0,-29.754545454545454,-87.5,-2.4,11,3.5991388888888887,
8,3202,411000537.0,411012317.0,3.272222222222222,58.0,99.0,41.0,-195.03963963963957,-235.0,-156.9,222,636.1863055555556,1551.6739159891602
8,3482,412000005.0,412015827.0,4.395,54.0,99.0,45.0,-191.65528455284553,-236.5,0.1,246,861.528638888889,1914.5080864197532
8,3830,413000028.0,413020111.0,5.578611111111111,32.0,98.0,66.0,-191.4282608695652,-238.3,0.1,368,1085.3684166666667,1644.4976010101009
8,4094,414000007.0,414011130.0,3.089722222222222,59.0,98.0,39.0,-189.55772727272733,-197.4,0.1,220,602.2999166666667,1544.3587606837607
8,4534,414235926.0,415014129.0,216.1675,42.0,98.0,56.0,-191.57928802588998,-239.5,0.2,309,51599.401666666665,92141.78869047618
8,4880,416000010.0,416015615.0,4.334722222222222,34.0,98.0,64.0,-189.63230337078653,-236.0,0.1,356,839.8364166666667,1312.2444010416666
8,5206,417000204.0,417020246.0,5.567222222222222,51.0,99.0,48.0,-190.14473684210526,-214.5,0.2,266,1082.0732777777778,2254.319328703704
8,5584,418000132.0,418015335.0,4.223055555555556,37.0,98.0,61.0,-188.80526315789476,-195.2,0.3,342,811.8186388888889,1330.8502276867032
8,5952,419000045.0,419015111.0,4.185,40.0,99.0,59.0,-186.87705882352944,-197.7,0.3,340,802.1033611111111,1359.4972222222223
8,6240,419235947.0,420012228.0,215.63361111111112,54.0,99.0,45.0,-191.9437751004016,-197.3,0.2,249,42516.09616666666,94480.21370370369
8,6668,421034221.0,421055906.0,6.023611111111111,28.0,99.0,71.0,-192.78067632850244,-240.1,0.2,414,1176.6219444444446,1657.2140062597812
8,6938,421235943.0,422014205.0,216.1838888888889,56.0,98.0,42.0,-189.6502074688797,-197.3,0.1,241,793.0302222222223,1888.167195767196
8,7216,423000152.0,423011937.0,3.2736111111111112,55.0,98.0,43.0,-188.7170124481328,-239.5,0.2,241,638.7629166666668,1485.49515503876
8,7524,424004831.0,424021011.0,4.4944444444444445,53.0,98.0,45.0,-194.0161943319838,-249.1,-95.0,247,877.3833333333334,1949.7407407407409
8,7726,425005112.0,425014137.0,2.5069444444444446,75.0,98.0,23.0,-156.52641509433963,-239.9,0.2,159,409.10825,1778.7315217391304
8,8018,426000057.0,426013959.0,3.861666666666667,58.0,98.0,40.0,-193.08942731277537,-241.1,0.1,227,762.0341666666667,1905.0854166666666
8,8406,427000141.0,427014244.0,3.9175,42.0,98.0,56.0,-191.75210355987053,-197.4,0.2,309,765.5306388888889,1367.018998015873
8,8700,428000131.0,428012413.0,3.4116666666666666,53.0,98.0,45.0,-190.78525896414345,-238.5,0.1,251,666.1832777777778,1480.4072839506173
8,9126,429000210.0,429020533.0,5.645277777777777,39.0,99.0,60.0,-177.99281914893618,-197.6,0.2,376,1021.5732222222221,1702.6220370370368
8,9422,430000057.0,430021200.0,5.873055555555555,62.0,98.0,36.0,-96.47146464646464,-238.1,0.1,396,575.7807222222223,1599.3908950617285
9,378,402005149.0,402020009.0,4.127777777777778,76.0,98.0,22.0,-95.46082725060826,-98.0,2.6,411,333.84000000000003,1517.4545454545455
9,386,402073400.0,402073410.0,0.002777777777777778,95.0,95.0,0.0,-36.59090909090909,-154.3,-6.3,11,0.10875000000000001,
9,566,402100537.0,402100556.0,0.005277777777777778,86.0,86.0,0.0,-70.36,-187.4,-8.9,20,0.3876944444444444,
9,568,402100956.0,402101008.0,0.014444444444444444,86.0,86.0,0.0,-60.407692307692294,-190.1,-8.0,13,0.49786111111111114,
9,990,402181655.0,402181705.0,0.013888888888888888,62.0,62.0,0.0,-47.88181818181818,-185.0,-7.3,11,0.2861388888888889,
9,1206,403002023.0,403022123.0,5.583333333333333,52.0,98.0,46.0,-112.067332382311,-195.8,2.2,701,700.7155555555556,1523.2946859903382
9,1510,403114615.0,403114628.0,0.003611111111111111,81.0,81.0,0.0,-3.721428571428571,-6.5,-1.3,14,0.012666666666666668,
9,1658,403140309.0,403140320.0,0.0030555555555555557,73.0,73.0,0.0,-53.80833333333334,-197.8,-13.1,12,0.1751666666666667,
9,1784,403161307.0,403161406.0,0.0275,68.0,68.0,0.0,-28.45384615384615,-145.1,-4.4,13,0.25808333333333333,
9,2034,403202045.0,403202108.0,0.0175,58.0,58.0,0.0,-61.32666666666667,-181.4,-11.1,15,1.085861111111111,
9,2090,403215741.0,403215756.0,0.004166666666666667,52.0,52.0,0.0,-58.037499999999994,-207.3,-6.8,16,0.25316666666666665,
9,2094,404002037.0,404020248.0,5.058611111111111,52.0,86.0,34.0,-97.83016393442624,-99.9,1.0,610,496.38375,1459.952205882353
9,2096,404061510.0,404061526.0,0.0044444444444444444,97.0,97.0,0.0,-65.13529411764706,-188.9,-16.6,17,0.29830555555555555,
9,2166,404071936.0,404071951.0,0.004166666666666667,94.0,94.0,0.0,-46.120000000000005,-153.8,-7.3,15,0.1939722222222222,
9,2454,404121742.0,404121757.0,0.004166666666666667,78.0,78.0,0.0,-40.20625,-164.7,-4.6,16,0.1740833333333333,
9,2480,404125506.0,404125516.0,0.002777777777777778,78.0,78.0,0.0,-79.67272727272727,-180.5,-2.2,11,0.23961111111111114,
9,2542,404133006.0,404133026.0,0.005555555555555556,74.0,74.0,0.0,-48.294117647058826,-168.1,-15.9,17,0.2019166666666667,
9,2562,404140418.0,404140434.0,0.0044444444444444444,73.0,73.0,0.0,-42.48823529411765,-201.2,-2.4,17,0.19883333333333333,
9,2722,404163742.0,404163805.0,0.0175,64.0,64.0,0.0,-25.05714285714286,-186.0,-3.0,21,0.23675,
9,2968,405023329.0,405025809.0,0.6888888888888889,96.0,100.0,4.0,-40.77181208053691,-193.4,0.0,149,27.146388888888886,
9,3040,405075404.0,405075415.0,0.0030555555555555557,93.0,93.0,0.0,-19.55,-85.0,-2.8,12,0.062027777777777786,
9,3084,405083453.0,405083503.0,0.013888888888888888,92.0,92.0,0.0,-61.78181818181818,-158.9,-6.6,11,0.6965277777777779,
9,3204,405100708.0,405100722.0,0.0038888888888888888,87.0,87.0,0.0,-8.39090909090909,-16.0,-3.7,11,0.027416666666666666,
9,3248,405104951.0,405105003.0,0.014444444444444444,85.0,85.0,0.0,-41.676923076923075,-212.0,-7.2,13,0.22519444444444445,
9,3744,406005858.0,406030728.0,6.908333333333333,51.0,98.0,47.0,-108.02127107652399,-196.3,0.0,771,813.9816666666666,1731.8758865248226
9,4132,406141221.0,406141232.0,0.0030555555555555557,67.0,67.0,0.0,-35.06666666666667,-79.6,-11.5,12,0.09902777777777777,
9,4410,407182455.0,407182505.0,0.013888888888888888,80.0,80.0,0.0,-18.63636363636364,-115.2,-2.9,11,0.18883333333333338,
9,4512,407194804.0,407194814.0,0.002777777777777778,77.0,77.0,0.0,-33.39090909090909,-118.3,-5.1,11,0.09830555555555555,
9,4566,407205531.0,407205713.0,0.050555555555555555,74.0,74.0,0.0,-10.583333333333332,-51.5,-3.9,12,0.4662777777777778,
9,4670,408141001.0,408141018.0,0.004722222222222222,94.0,94.0,0.0,-42.37222222222223,-130.7,-2.7,18,0.20758333333333334,
9,4748,408154202.0,408154218.0,0.0044444444444444444,90.0,90.0,0.0,-29.358823529411765,-122.9,-6.1,17,0.13527777777777777,
9,4768,408155837.0,408155849.0,0.0033333333333333335,89.0,89.0,0.0,-38.93076923076923,-150.8,-2.6,13,0.1398611111111111,
9,5070,408211047.0,408211058.0,0.0030555555555555557,75.0,75.0,0.0,-9.016666666666666,-39.4,-3.9,12,0.028472222222222225,
9,5118,409023230.0,409040940.0,4.919444444444444,83.0,100.0,17.0,-48.79845890410958,-119.1,0.0,584,262.88611111111106,1546.3888888888885
9,6034,410023725.0,410041415.0,4.913888888888889,91.0,100.0,9.0,-26.19896907216495,-149.4,0.0,582,69.89083333333333,776.5648148148149
9,6176,410092003.0,410092014.0,0.0030555555555555557,89.0,89.0,0.0,-12.274999999999999,-15.0,-9.1,12,0.03838888888888889,
9,6790,410200821.0,410200839.0,0.005,60.0,60.0,0.0,-46.22631578947368,-201.2,-11.6,19,0.23869444444444443,
9,6886,410213429.0,410213832.0,0.11194444444444444,54.0,54.0,0.0,-35.214285714285715,-139.4,-17.2,14,2.223777777777778,
9,6896,411003258.0,411023528.0,5.6305555555555555,54.0,98.0,44.0,-108.44917582417582,-195.0,1.6,728,694.8022222222221,1579.0959595959594
9,7650,411215902.0,411215916.0,0.0038888888888888888,47.0,47.0,0.0,-66.36,-195.6,-10.2,15,0.24813888888888885,
9,7658,412024028.0,412024928.0,0.25,96.0,98.0,2.0,-90.8709090909091,-189.4,-7.5,55,22.8975,
9,7684,412063019.0,412063105.0,0.02388888888888889,96.0,96.0,0.0,-40.91363636363637,-163.9,-1.7,22,0.3540555555555556,
9,7732,412073212.0,412073223.0,0.0030555555555555557,94.0,94.0,0.0,-101.18333333333332,-191.5,-6.4,12,0.2940277777777777,
9,7736,412073234.0,412073245.0,0.0030555555555555557,94.0,94.0,0.0,-49.73636363636364,-193.0,-13.4,11,0.15105555555555553,
9,8142,412165408.0,412165614.0,0.05722222222222222,63.0,63.0,0.0,-13.413333333333336,-73.4,-1.7,15,0.24133333333333337,
9,8200,412193841.0,412193852.0,0.0030555555555555557,56.0,56.0,0.0,-24.308333333333337,-75.5,-2.1,12,0.07788888888888888,
9,8280,412214102.0,412214112.0,0.002777777777777778,48.0,48.0,0.0,-19.227272727272727,-108.7,-1.4,11,0.05666666666666667,
9,8286,413002003.0,413011841.0,2.7327777777777778,48.0,48.0,0.0,0.04355300859598854,0.0,2.6,349,0.07400000000000001,
9,8288,413015533.0,413015607.0,0.020555555555555556,48.0,48.0,0.0,1.6235294117647059,0.0,3.4,17,0.03944444444444444,
9,8302,413061456.0,413061508.0,0.014444444444444444,47.0,47.0,0.0,-15.17692307692308,-16.4,-13.8,13,0.21644444444444447,
9,8304,413061637.0,413061650.0,0.003611111111111111,47.0,47.0,0.0,-48.07142857142858,-182.0,-12.7,14,0.1776388888888889,
9,8330,413063821.0,413063932.0,0.030833333333333334,45.0,45.0,0.0,-52.228571428571435,-172.0,-16.3,14,0.7387499999999999,
9,8388,413082500.0,413082633.0,0.036944444444444446,39.0,39.0,0.0,-63.63157894736842,-173.1,-1.9,19,5.644472222222224,
9,8454,414002806.0,414014326.0,3.2,28.0,28.0,0.0,0.0,0.0,0.0,385,0.0,
9,8518,414120854.0,414121337.0,0.13416666666666666,21.0,21.0,0.0,0.7333333333333333,0.0,2.0,15,0.15255555555555553,
9,8548,414202210.0,415022900.0,227.96944444444443,16.0,92.0,76.0,-139.30571428571432,-202.7,0.0,35,45773.94324999999,60228.87269736841
9,9144,420002144.0,420044044.0,11.63888888888889,51.0,100.0,49.0,-51.5669245647969,-194.4,1.8,1551,590.6583333333333,1205.4251700680272
9,9718,421002657.0,421052447.0,13.830555555555556,41.0,98.0,57.0,-54.83391353172375,-119.9,2.0,1781,718.5350000000001,1260.587719298246
9,9870,422002240.0,422020100.0,4.961111111111111,76.0,88.0,12.0,-36.684201388888894,-119.1,-23.8,576,259.505,2162.5416666666665
9,10188,423003305.0,423021555.0,5.069444444444445,74.0,98.0,24.0,-72.58525121555917,-73.9,1.4,617,371.3911111111111,1547.462962962963
9,10874,424002949.0,424043029.0,11.133333333333333,45.0,100.0,55.0,-63.76543296089385,-193.6,0.0,1432,742.9247222222223,1350.7722222222221
9,11530,425002316.0,425023206.0,5.802777777777778,51.0,98.0,47.0,-108.97033678756478,-195.3,1.8,772,714.5569444444444,1520.3339243498817
9,11792,425124720.0,426014939.0,247.28305555555556,80.0,98.0,18.0,-72.91685649202734,-73.8,-10.4,439,18223.47702777778,101241.53904320988
10,1,507002908.0,507024048.0,5.872222222222222,61.0,100.0,39.0,-75.84465648854962,-78.7,3.0,786,439.3883333333333,1126.636752136752
10,597,509000801.0,509005951.0,1.4305555555555556,70.0,98.0,28.0,-151.30769230769232,-158.2,3.1,312,217.9463888888889,778.3799603174602
10,1139,510000958.0,510020518.0,5.433333333333334,66.0,100.0,34.0,-77.21803751803752,-78.7,3.1,693,421.86888888888893,1240.7908496732027
10,1645,524003207.0,524004255.0,0.2911111111111111,63.0,63.0,0.0,2.066666666666667,0.0,3.0,15,0.7895833333333333,
10,1649,524005828.0,524032820.0,7.497777777777777,63.0,98.0,35.0,-147.2779187817259,-182.7,2.7,394,439.50380555555563,1255.725158730159
10,2245,525002434.0,525022234.0,5.5,65.0,100.0,35.0,-77.73060648801129,-79.1,5.6,709,430.81888888888886,1230.911111111111
10,2789,526003023.0,526015334.0,3.419722222222222,56.0,100.0,44.0,-135.87079999999997,-200.4,3.1,500,429.31583333333333,975.717803030303
10,3315,527002254.0,527030446.0,7.831111111111111,52.0,98.0,46.0,-77.41708074534161,-182.2,3.1,966,709.9576666666667,1543.386231884058
10,3825,528000123.0,528023753.0,6.563888888888889,53.0,98.0,45.0,-78.1695744680851,-157.8,2.7,940,508.13694444444445,1129.1932098765433
10,4247,530002555.0,530024908.0,6.2091666666666665,59.0,100.0,41.0,-74.76848837209302,-78.4,6.5,860,457.2430277777778,1115.2268970189702
10,4777,531003310.0,531034402.0,8.636666666666667,46.0,100.0,54.0,-74.37940663176265,-78.9,3.2,1146,639.4518888888889,1184.1701646090535
